[{ "name":  "United Arab Emirates (the) ",
   "iri":  "https://www.omg.org/spec/LCC/Countries/ISO3166-1-CountryCodes/UnitedArabEmirates"},
 { "name":  "Maldives ",
   "iri":  "https://www.omg.org/spec/LCC/Countries/ISO3166-1-CountryCodes/Maldives"},
 { "name":  "United States of America (the) ",
   "iri":  "https://www.omg.org/spec/LCC/Countries/ISO3166-1-CountryCodes/UnitedStatesOfAmerica"},
 { "name":  "Sao Tome and Principe ",
   "iri":  "https://www.omg.org/spec/LCC/Countries/ISO3166-1-CountryCodes/SaoTomeAndPrincipe"},
 { "name":  "Antarctica ",
   "iri":  "https://www.omg.org/spec/LCC/Countries/ISO3166-1-CountryCodes/Antarctica"},
 { "name":  "Tunisia ",
   "iri":  "https://www.omg.org/spec/LCC/Countries/ISO3166-1-CountryCodes/Tunisia"},
 { "name":  "Sudan (the) ",
   "iri":  "https://www.omg.org/spec/LCC/Countries/ISO3166-1-CountryCodes/Sudan"},
 { "name":  "Israel ",
   "iri":  "https://www.omg.org/spec/LCC/Countries/ISO3166-1-CountryCodes/Israel"},
 { "name":  "Spain ",
   "iri":  "https://www.omg.org/spec/LCC/Countries/ISO3166-1-CountryCodes/Spain"},
 { "name":  "Afghanistan ",
   "iri":  "https://www.omg.org/spec/LCC/Countries/ISO3166-1-CountryCodes/Afghanistan"},
 { "name":  "Jamaica ",
   "iri":  "https://www.omg.org/spec/LCC/Countries/ISO3166-1-CountryCodes/Jamaica"},
 { "name":  "Burkina Faso ",
   "iri":  "https://www.omg.org/spec/LCC/Countries/ISO3166-1-CountryCodes/BurkinaFaso"},
 { "name":  "Iceland ",
   "iri":  "https://www.omg.org/spec/LCC/Countries/ISO3166-1-CountryCodes/Iceland"},
 { "name":  "Costa Rica ",
   "iri":  "https://www.omg.org/spec/LCC/Countries/ISO3166-1-CountryCodes/CostaRica"},
 { "name":  "Tonga ",
   "iri":  "https://www.omg.org/spec/LCC/Countries/ISO3166-1-CountryCodes/Tonga"},
 { "name":  "Greece ",
   "iri":  "https://www.omg.org/spec/LCC/Countries/ISO3166-1-CountryCodes/Greece"},
 { "name":  "Czechia ",
   "iri":  "https://www.omg.org/spec/LCC/Countries/ISO3166-1-CountryCodes/Czechia"},
 { "name":  "Åland Islands ",
   "iri":  "https://www.omg.org/spec/LCC/Countries/ISO3166-1-CountryCodes/AlandIslands"},
 { "name":  "Monaco ",
   "iri":  "https://www.omg.org/spec/LCC/Countries/ISO3166-1-CountryCodes/Monaco"},
 { "name":  "Slovakia ",
   "iri":  "https://www.omg.org/spec/LCC/Countries/ISO3166-1-CountryCodes/Slovakia"},
 { "name":  "Turkmenistan ",
   "iri":  "https://www.omg.org/spec/LCC/Countries/ISO3166-1-CountryCodes/Turkmenistan"},
 { "name":  "Colombia ",
   "iri":  "https://www.omg.org/spec/LCC/Countries/ISO3166-1-CountryCodes/Colombia"},
 { "name":  "Seychelles ",
   "iri":  "https://www.omg.org/spec/LCC/Countries/ISO3166-1-CountryCodes/Seychelles"},
 { "name":  "Uruguay ",
   "iri":  "https://www.omg.org/spec/LCC/Countries/ISO3166-1-CountryCodes/Uruguay"},
 { "name":  "Guatemala ",
   "iri":  "https://www.omg.org/spec/LCC/Countries/ISO3166-1-CountryCodes/Guatemala"},
 { "name":  "Christmas Island ",
   "iri":  "https://www.omg.org/spec/LCC/Countries/ISO3166-1-CountryCodes/ChristmasIsland"},
 { "name":  "Italy ",
   "iri":  "https://www.omg.org/spec/LCC/Countries/ISO3166-1-CountryCodes/Italy"},
 { "name":  "Egypt ",
   "iri":  "https://www.omg.org/spec/LCC/Countries/ISO3166-1-CountryCodes/Egypt"},
 { "name":  "Croatia ",
   "iri":  "https://www.omg.org/spec/LCC/Countries/ISO3166-1-CountryCodes/Croatia"},
 { "name":  "Singapore ",
   "iri":  "https://www.omg.org/spec/LCC/Countries/ISO3166-1-CountryCodes/Singapore"},
 { "name":  "Saint Barthélemy ",
   "iri":  "https://www.omg.org/spec/LCC/Countries/ISO3166-1-CountryCodes/SaintBarthelemy"},
 { "name":  "Saudi Arabia ",
   "iri":  "https://www.omg.org/spec/LCC/Countries/ISO3166-1-CountryCodes/SaudiArabia"},
 { "name":  "French Polynesia ",
   "iri":  "https://www.omg.org/spec/LCC/Countries/ISO3166-1-CountryCodes/FrenchPolynesia"},
 { "name":  "South Sudan ",
   "iri":  "https://www.omg.org/spec/LCC/Countries/ISO3166-1-CountryCodes/SouthSudan"},
 { "name":  "Malta ",
   "iri":  "https://www.omg.org/spec/LCC/Countries/ISO3166-1-CountryCodes/Malta"},
 { "name":  "Finland ",
   "iri":  "https://www.omg.org/spec/LCC/Countries/ISO3166-1-CountryCodes/Finland"},
 { "name":  "Kuwait ",
   "iri":  "https://www.omg.org/spec/LCC/Countries/ISO3166-1-CountryCodes/Kuwait"},
 { "name":  "American Samoa ",
   "iri":  "https://www.omg.org/spec/LCC/Countries/ISO3166-1-CountryCodes/AmericanSamoa"},
 { "name":  "Botswana ",
   "iri":  "https://www.omg.org/spec/LCC/Countries/ISO3166-1-CountryCodes/Botswana"},
 { "name":  "Liberia ",
   "iri":  "https://www.omg.org/spec/LCC/Countries/ISO3166-1-CountryCodes/Liberia"},
 { "name":  "Panama ",
   "iri":  "https://www.omg.org/spec/LCC/Countries/ISO3166-1-CountryCodes/Panama"},
 { "name":  "Gibraltar ",
   "iri":  "https://www.omg.org/spec/LCC/Countries/ISO3166-1-CountryCodes/Gibraltar"},
 { "name":  "Madagascar ",
   "iri":  "https://www.omg.org/spec/LCC/Countries/ISO3166-1-CountryCodes/Madagascar"},
 { "name":  "Tokelau ",
   "iri":  "https://www.omg.org/spec/LCC/Countries/ISO3166-1-CountryCodes/Tokelau"},
 { "name":  "Namibia ",
   "iri":  "https://www.omg.org/spec/LCC/Countries/ISO3166-1-CountryCodes/Namibia"},
 { "name":  "Kazakhstan ",
   "iri":  "https://www.omg.org/spec/LCC/Countries/ISO3166-1-CountryCodes/Kazakhstan"},
 { "name":  "Belarus ",
   "iri":  "https://www.omg.org/spec/LCC/Countries/ISO3166-1-CountryCodes/Belarus"},
 { "name":  "Bolivia (Plurinational State of) ",
   "iri":  "https://www.omg.org/spec/LCC/Countries/ISO3166-1-CountryCodes/Bolivia"},
 { "name":  "Wallis and Futuna ",
   "iri":  "https://www.omg.org/spec/LCC/Countries/ISO3166-1-CountryCodes/WallisAndFutuna"},
 { "name":  "Bulgaria ",
   "iri":  "https://www.omg.org/spec/LCC/Countries/ISO3166-1-CountryCodes/Bulgaria"},
 { "name":  "New Caledonia ",
   "iri":  "https://www.omg.org/spec/LCC/Countries/ISO3166-1-CountryCodes/NewCaledonia"},
 { "name":  "Qatar ",
   "iri":  "https://www.omg.org/spec/LCC/Countries/ISO3166-1-CountryCodes/Qatar"},
 { "name":  "Tanzania, United Republic of ",
   "iri":  "https://www.omg.org/spec/LCC/Countries/ISO3166-1-CountryCodes/Tanzania"},
 { "name":  "Chile ",
   "iri":  "https://www.omg.org/spec/LCC/Countries/ISO3166-1-CountryCodes/Chile"},
 { "name":  "Niue ",
   "iri":  "https://www.omg.org/spec/LCC/Countries/ISO3166-1-CountryCodes/Niue"},
 { "name":  "Cocos Keeling Islands ",
   "iri":  "https://www.omg.org/spec/LCC/Countries/ISO3166-1-CountryCodes/CocosKeelingIslands"},
 { "name":  "Nigeria ",
   "iri":  "https://www.omg.org/spec/LCC/Countries/ISO3166-1-CountryCodes/Nigeria"},
 { "name":  "Libya ",
   "iri":  "https://www.omg.org/spec/LCC/Countries/ISO3166-1-CountryCodes/Libya"},
 { "name":  "Bosnia and Herzegovina ",
   "iri":  "https://www.omg.org/spec/LCC/Countries/ISO3166-1-CountryCodes/BosniaAndHerzegovina"},
 { "name":  "France ",
   "iri":  "https://www.omg.org/spec/LCC/Countries/ISO3166-1-CountryCodes/France"},
 { "name":  "Uganda ",
   "iri":  "https://www.omg.org/spec/LCC/Countries/ISO3166-1-CountryCodes/Uganda"},
 { "name":  "New Zealand ",
   "iri":  "https://www.omg.org/spec/LCC/Countries/ISO3166-1-CountryCodes/NewZealand"},
 { "name":  "South Africa ",
   "iri":  "https://www.omg.org/spec/LCC/Countries/ISO3166-1-CountryCodes/SouthAfrica"},
 { "name":  "Mali ",
   "iri":  "https://www.omg.org/spec/LCC/Countries/ISO3166-1-CountryCodes/Mali"},
 { "name":  "Ghana ",
   "iri":  "https://www.omg.org/spec/LCC/Countries/ISO3166-1-CountryCodes/Ghana"},
 { "name":  "Guadeloupe ",
   "iri":  "https://www.omg.org/spec/LCC/Countries/ISO3166-1-CountryCodes/Guadeloupe"},
 { "name":  "Mongolia ",
   "iri":  "https://www.omg.org/spec/LCC/Countries/ISO3166-1-CountryCodes/Mongolia"},
 { "name":  "Haiti ",
   "iri":  "https://www.omg.org/spec/LCC/Countries/ISO3166-1-CountryCodes/Haiti"},
 { "name":  "Marshall Islands (the) ",
   "iri":  "https://www.omg.org/spec/LCC/Countries/ISO3166-1-CountryCodes/MarshallIslands"},
 { "name":  "Hong Kong ",
   "iri":  "https://www.omg.org/spec/LCC/Countries/ISO3166-1-CountryCodes/HongKong"},
 { "name":  "Martinique ",
   "iri":  "https://www.omg.org/spec/LCC/Countries/ISO3166-1-CountryCodes/Martinique"},
 { "name":  "Dominican Republic (the) ",
   "iri":  "https://www.omg.org/spec/LCC/Countries/ISO3166-1-CountryCodes/DominicanRepublic"},
 { "name":  "Lithuania ",
   "iri":  "https://www.omg.org/spec/LCC/Countries/ISO3166-1-CountryCodes/Lithuania"},
 { "name":  "Denmark ",
   "iri":  "https://www.omg.org/spec/LCC/Countries/ISO3166-1-CountryCodes/Denmark"},
 { "name":  "Malawi ",
   "iri":  "https://www.omg.org/spec/LCC/Countries/ISO3166-1-CountryCodes/Malawi"},
 { "name":  "Slovenia ",
   "iri":  "https://www.omg.org/spec/LCC/Countries/ISO3166-1-CountryCodes/Slovenia"},
 { "name":  "Morocco ",
   "iri":  "https://www.omg.org/spec/LCC/Countries/ISO3166-1-CountryCodes/Morocco"},
 { "name":  "Puerto Rico ",
   "iri":  "https://www.omg.org/spec/LCC/Countries/ISO3166-1-CountryCodes/PuertoRico"},
 { "name":  "British Indian Ocean Territory (the) ",
   "iri":  "https://www.omg.org/spec/LCC/Countries/ISO3166-1-CountryCodes/BritishIndianOceanTerritory"},
 { "name":  "Isle of Man ",
   "iri":  "https://www.omg.org/spec/LCC/Countries/ISO3166-1-CountryCodes/IsleOfMan"},
 { "name":  "Anguilla ",
   "iri":  "https://www.omg.org/spec/LCC/Countries/ISO3166-1-CountryCodes/Anguilla"},
 { "name":  "El Salvador ",
   "iri":  "https://www.omg.org/spec/LCC/Countries/ISO3166-1-CountryCodes/ElSalvador"},
 { "name":  "Argentina ",
   "iri":  "https://www.omg.org/spec/LCC/Countries/ISO3166-1-CountryCodes/Argentina"},
 { "name":  "Cook Islands (the) ",
   "iri":  "https://www.omg.org/spec/LCC/Countries/ISO3166-1-CountryCodes/CookIslands"},
 { "name":  "United States Minor Outlying Islands (the) ",
   "iri":  "https://www.omg.org/spec/LCC/Countries/ISO3166-1-CountryCodes/UnitedStatesMinorOutlyingIslands"},
 { "name":  "Saint Kitts and Nevis ",
   "iri":  "https://www.omg.org/spec/LCC/Countries/ISO3166-1-CountryCodes/SaintKittsAndNevis"},
 { "name":  "Poland ",
   "iri":  "https://www.omg.org/spec/LCC/Countries/ISO3166-1-CountryCodes/Poland"},
 { "name":  "Armenia ",
   "iri":  "https://www.omg.org/spec/LCC/Countries/ISO3166-1-CountryCodes/Armenia"},
 { "name":  "Saint Lucia ",
   "iri":  "https://www.omg.org/spec/LCC/Countries/ISO3166-1-CountryCodes/SaintLucia"},
 { "name":  "Samoa ",
   "iri":  "https://www.omg.org/spec/LCC/Countries/ISO3166-1-CountryCodes/Samoa"},
 { "name":  "Antigua and Barbuda ",
   "iri":  "https://www.omg.org/spec/LCC/Countries/ISO3166-1-CountryCodes/AntiguaAndBarbuda"},
 { "name":  "Philippines (the) ",
   "iri":  "https://www.omg.org/spec/LCC/Countries/ISO3166-1-CountryCodes/Philippines"},
 { "name":  "Australia ",
   "iri":  "https://www.omg.org/spec/LCC/Countries/ISO3166-1-CountryCodes/Australia"},
 { "name":  "Cyprus ",
   "iri":  "https://www.omg.org/spec/LCC/Countries/ISO3166-1-CountryCodes/Cyprus"},
 { "name":  "Yemen ",
   "iri":  "https://www.omg.org/spec/LCC/Countries/ISO3166-1-CountryCodes/Yemen"},
 { "name":  "Turks and Caicos Islands (the) ",
   "iri":  "https://www.omg.org/spec/LCC/Countries/ISO3166-1-CountryCodes/TurksAndCaicosIslands"},
 { "name":  "Burundi ",
   "iri":  "https://www.omg.org/spec/LCC/Countries/ISO3166-1-CountryCodes/Burundi"},
 { "name":  "Iraq ",
   "iri":  "https://www.omg.org/spec/LCC/Countries/ISO3166-1-CountryCodes/Iraq"},
 { "name":  "Switzerland ",
   "iri":  "https://www.omg.org/spec/LCC/Countries/ISO3166-1-CountryCodes/Switzerland"},
 { "name":  "Mauritania ",
   "iri":  "https://www.omg.org/spec/LCC/Countries/ISO3166-1-CountryCodes/Mauritania"},
 { "name": "Côte d Ivoire",
   "iri":  "https://www.omg.org/spec/LCC/Countries/ISO3166-1-CountryCodes/CoteDIvoire"},
 { "name":  "Mauritius ",
   "iri":  "https://www.omg.org/spec/LCC/Countries/ISO3166-1-CountryCodes/Mauritius"},
 { "name":  "Jordan ",
   "iri":  "https://www.omg.org/spec/LCC/Countries/ISO3166-1-CountryCodes/Jordan"},
 { "name":  "Georgia ",
   "iri":  "https://www.omg.org/spec/LCC/Countries/ISO3166-1-CountryCodes/Georgia"},
 { "name":  "Lesotho ",
   "iri":  "https://www.omg.org/spec/LCC/Countries/ISO3166-1-CountryCodes/Lesotho"},
 { "name":  "Brazil ",
   "iri":  "https://www.omg.org/spec/LCC/Countries/ISO3166-1-CountryCodes/Brazil"},
 { "name":  "Bonaire, Sint Eustatius and Saba ",
   "iri":  "https://www.omg.org/spec/LCC/Countries/ISO3166-1-CountryCodes/Bonaire"},
 { "name":  "Aruba ",
   "iri":  "https://www.omg.org/spec/LCC/Countries/ISO3166-1-CountryCodes/Aruba"},
 { "name":  "Syrian Arab Republic ",
   "iri":  "https://www.omg.org/spec/LCC/Countries/ISO3166-1-CountryCodes/SyrianArabRepublic"},
 { "name":  "Eritrea ",
   "iri":  "https://www.omg.org/spec/LCC/Countries/ISO3166-1-CountryCodes/Eritrea"},
 { "name":  "Germany ",
   "iri":  "https://www.omg.org/spec/LCC/Countries/ISO3166-1-CountryCodes/Germany"},
 { "name":  "Portugal ",
   "iri":  "https://www.omg.org/spec/LCC/Countries/ISO3166-1-CountryCodes/Portugal"},
 { "name":  "Bouvet Island ",
   "iri":  "https://www.omg.org/spec/LCC/Countries/ISO3166-1-CountryCodes/BouvetIsland"},
 { "name":  "Myanmar ",
   "iri":  "https://www.omg.org/spec/LCC/Countries/ISO3166-1-CountryCodes/Myanmar"},
 { "name":  "Holy See (the) ",
   "iri":  "https://www.omg.org/spec/LCC/Countries/ISO3166-1-CountryCodes/HolySee"},
 { "name":  "Macedonia (the former Yugoslav Republic of) ",
   "iri":  "https://www.omg.org/spec/LCC/Countries/ISO3166-1-CountryCodes/Macedonia"},
 { "name":  "Mozambique ",
   "iri":  "https://www.omg.org/spec/LCC/Countries/ISO3166-1-CountryCodes/Mozambique"},
 { "name":  "Ukraine ",
   "iri":  "https://www.omg.org/spec/LCC/Countries/ISO3166-1-CountryCodes/Ukraine"},
 { "name":  "Peru ",
   "iri":  "https://www.omg.org/spec/LCC/Countries/ISO3166-1-CountryCodes/Peru"},
 { "name":  "Taiwan (Province of China) ",
   "iri":  "https://www.omg.org/spec/LCC/Countries/ISO3166-1-CountryCodes/Taiwan"},
 { "name":  "Ethiopia ",
   "iri":  "https://www.omg.org/spec/LCC/Countries/ISO3166-1-CountryCodes/Ethiopia"},
 { "name":  "French Guiana ",
   "iri":  "https://www.omg.org/spec/LCC/Countries/ISO3166-1-CountryCodes/FrenchGuiana"},
 { "name":  "Cuba ",
   "iri":  "https://www.omg.org/spec/LCC/Countries/ISO3166-1-CountryCodes/Cuba"},
 { "name": "Lao People 's Democratic Republic (the)",
   "iri":  "https://www.omg.org/spec/LCC/Countries/ISO3166-1-CountryCodes/LaoPeoplesDemocraticRepublic"},
 { "name":  "Kyrgyzstan ",
   "iri":  "https://www.omg.org/spec/LCC/Countries/ISO3166-1-CountryCodes/Kyrgyzstan"},
 { "name":  "Virgin Islands US ",
   "iri":  "https://www.omg.org/spec/LCC/Countries/ISO3166-1-CountryCodes/VirginIslandsUS"},
 { "name":  "French Southern Territories (the) ",
   "iri":  "https://www.omg.org/spec/LCC/Countries/ISO3166-1-CountryCodes/FrenchSouthernTerritories"},
 { "name":  "Macao ",
   "iri":  "https://www.omg.org/spec/LCC/Countries/ISO3166-1-CountryCodes/Macao"},
 { "name":  "Luxembourg ",
   "iri":  "https://www.omg.org/spec/LCC/Countries/ISO3166-1-CountryCodes/Luxembourg"},
 { "name":  "Montenegro ",
   "iri":  "https://www.omg.org/spec/LCC/Countries/ISO3166-1-CountryCodes/Montenegro"},
 { "name":  "Serbia ",
   "iri":  "https://www.omg.org/spec/LCC/Countries/ISO3166-1-CountryCodes/Serbia"},
 { "name":  "Papua New Guinea ",
   "iri":  "https://www.omg.org/spec/LCC/Countries/ISO3166-1-CountryCodes/PapuaNewGuinea"},
 { "name":  "Pakistan ",
   "iri":  "https://www.omg.org/spec/LCC/Countries/ISO3166-1-CountryCodes/Pakistan"},
 { "name":  "Comoros (the) ",
   "iri":  "https://www.omg.org/spec/LCC/Countries/ISO3166-1-CountryCodes/Comoros"},
 { "name":  "Curaçao ",
   "iri":  "https://www.omg.org/spec/LCC/Countries/ISO3166-1-CountryCodes/Curacao"},
 { "name":  "Barbados ",
   "iri":  "https://www.omg.org/spec/LCC/Countries/ISO3166-1-CountryCodes/Barbados"},
 { "name":  "Turkey ",
   "iri":  "https://www.omg.org/spec/LCC/Countries/ISO3166-1-CountryCodes/Turkey"},
 { "name":  "China ",
   "iri":  "https://www.omg.org/spec/LCC/Countries/ISO3166-1-CountryCodes/China"},
 { "name":  "Guam ",
   "iri":  "https://www.omg.org/spec/LCC/Countries/ISO3166-1-CountryCodes/Guam"},
 { "name":  "Central African Republic (the) ",
   "iri":  "https://www.omg.org/spec/LCC/Countries/ISO3166-1-CountryCodes/CentralAfricanRepublic"},
 { "name":  "Saint Vincent and the Grenadines ",
   "iri":  "https://www.omg.org/spec/LCC/Countries/ISO3166-1-CountryCodes/SaintVincentAndTheGrenadines"},
 { "name":  "Benin ",
   "iri":  "https://www.omg.org/spec/LCC/Countries/ISO3166-1-CountryCodes/Benin"},
 { "name":  "Gambia (the) ",
   "iri":  "https://www.omg.org/spec/LCC/Countries/ISO3166-1-CountryCodes/Gambia"},
 { "name":  "Honduras ",
   "iri":  "https://www.omg.org/spec/LCC/Countries/ISO3166-1-CountryCodes/Honduras"},
 { "name":  "Bhutan ",
   "iri":  "https://www.omg.org/spec/LCC/Countries/ISO3166-1-CountryCodes/Bhutan"},
 { "name":  "Senegal ",
   "iri":  "https://www.omg.org/spec/LCC/Countries/ISO3166-1-CountryCodes/Senegal"},
 { "name":  "Fiji ",
   "iri":  "https://www.omg.org/spec/LCC/Countries/ISO3166-1-CountryCodes/Fiji"},
 { "name":  "Vanuatu ",
   "iri":  "https://www.omg.org/spec/LCC/Countries/ISO3166-1-CountryCodes/Vanuatu"},
 { "name":  "Uzbekistan ",
   "iri":  "https://www.omg.org/spec/LCC/Countries/ISO3166-1-CountryCodes/Uzbekistan"},
 { "name":  "Equatorial Guinea ",
   "iri":  "https://www.omg.org/spec/LCC/Countries/ISO3166-1-CountryCodes/EquatorialGuinea"},
 { "name":  "Mexico ",
   "iri":  "https://www.omg.org/spec/LCC/Countries/ISO3166-1-CountryCodes/Mexico"},
 { "name":  "Venezuela (Bolivarian Republic of) ",
   "iri":  "https://www.omg.org/spec/LCC/Countries/ISO3166-1-CountryCodes/Venezuela"},
 { "name":  "Djibouti ",
   "iri":  "https://www.omg.org/spec/LCC/Countries/ISO3166-1-CountryCodes/Djibouti"},
 { "name":  "Sierra Leone ",
   "iri":  "https://www.omg.org/spec/LCC/Countries/ISO3166-1-CountryCodes/SierraLeone"},
 { "name":  "Sweden ",
   "iri":  "https://www.omg.org/spec/LCC/Countries/ISO3166-1-CountryCodes/Sweden"},
 { "name":  "Belize ",
   "iri":  "https://www.omg.org/spec/LCC/Countries/ISO3166-1-CountryCodes/Belize"},
 { "name":  "Sint Maarten (Dutch part) ",
   "iri":  "https://www.omg.org/spec/LCC/Countries/ISO3166-1-CountryCodes/SintMaarten"},
 { "name":  "Guinea ",
   "iri":  "https://www.omg.org/spec/LCC/Countries/ISO3166-1-CountryCodes/Guinea"},
 { "name":  "Liechtenstein ",
   "iri":  "https://www.omg.org/spec/LCC/Countries/ISO3166-1-CountryCodes/Liechtenstein"},
 { "name":  "Congo Democratic Republic Of ",
   "iri":  "https://www.omg.org/spec/LCC/Countries/ISO3166-1-CountryCodes/CongoDemocraticRepublicOf"},
 { "name":  "Eswatini ",
   "iri":  "https://www.omg.org/spec/LCC/Countries/ISO3166-1-CountryCodes/Eswatini"},
 { "name":  "Gabon ",
   "iri":  "https://www.omg.org/spec/LCC/Countries/ISO3166-1-CountryCodes/Gabon"},
 { "name":  "Canada ",
   "iri":  "https://www.omg.org/spec/LCC/Countries/ISO3166-1-CountryCodes/Canada"},
 { "name":  "Micronesia (Federated States of) ",
   "iri":  "https://www.omg.org/spec/LCC/Countries/ISO3166-1-CountryCodes/Micronesia"},
 { "name":  "Norfolk Island ",
   "iri":  "https://www.omg.org/spec/LCC/Countries/ISO3166-1-CountryCodes/NorfolkIsland"},
 { "name":  "South Georgia and the South Sandwich Islands ",
   "iri":  "https://www.omg.org/spec/LCC/Countries/ISO3166-1-CountryCodes/SouthGeorgiaAndTheSouthSandwichIslands"},
 { "name":  "Nicaragua ",
   "iri":  "https://www.omg.org/spec/LCC/Countries/ISO3166-1-CountryCodes/Nicaragua"},
 { "name":  "Romania ",
   "iri":  "https://www.omg.org/spec/LCC/Countries/ISO3166-1-CountryCodes/Romania"},
 { "name":  "Trinidad and Tobago ",
   "iri":  "https://www.omg.org/spec/LCC/Countries/ISO3166-1-CountryCodes/TrinidadAndTobago"},
 { "name":  "Virgin Islands British ",
   "iri":  "https://www.omg.org/spec/LCC/Countries/ISO3166-1-CountryCodes/VirginIslandsBritish"},
 { "name":  "Korea Republic Of ",
   "iri":  "https://www.omg.org/spec/LCC/Countries/ISO3166-1-CountryCodes/KoreaRepublicOf"},
 { "name":  "Falkland Islands (the) [Malvinas] ",
   "iri":  "https://www.omg.org/spec/LCC/Countries/ISO3166-1-CountryCodes/FalklandIslands"},
 { "name":  "Thailand ",
   "iri":  "https://www.omg.org/spec/LCC/Countries/ISO3166-1-CountryCodes/Thailand"},
 { "name":  "Somalia ",
   "iri":  "https://www.omg.org/spec/LCC/Countries/ISO3166-1-CountryCodes/Somalia"},
 { "name":  "Palestine, State of ",
   "iri":  "https://www.omg.org/spec/LCC/Countries/ISO3166-1-CountryCodes/Palestine"},
 { "name":  "Pitcairn ",
   "iri":  "https://www.omg.org/spec/LCC/Countries/ISO3166-1-CountryCodes/Pitcairn"},
 { "name":  "Rwanda ",
   "iri":  "https://www.omg.org/spec/LCC/Countries/ISO3166-1-CountryCodes/Rwanda"},
 { "name":  "Jersey ",
   "iri":  "https://www.omg.org/spec/LCC/Countries/ISO3166-1-CountryCodes/Jersey"},
 { "name":  "Congo (the) ",
   "iri":  "https://www.omg.org/spec/LCC/Countries/ISO3166-1-CountryCodes/Congo"},
 { "name":  "Latvia ",
   "iri":  "https://www.omg.org/spec/LCC/Countries/ISO3166-1-CountryCodes/Latvia"},
 { "name":  "Cabo Verde ",
   "iri":  "https://www.omg.org/spec/LCC/Countries/ISO3166-1-CountryCodes/CaboVerde"},
 { "name":  "Sri Lanka ",
   "iri":  "https://www.omg.org/spec/LCC/Countries/ISO3166-1-CountryCodes/SriLanka"},
 { "name":  "San Marino ",
   "iri":  "https://www.omg.org/spec/LCC/Countries/ISO3166-1-CountryCodes/SanMarino"},
 { "name":  "Ecuador ",
   "iri":  "https://www.omg.org/spec/LCC/Countries/ISO3166-1-CountryCodes/Ecuador"},
 { "name":  "Kiribati ",
   "iri":  "https://www.omg.org/spec/LCC/Countries/ISO3166-1-CountryCodes/Kiribati"},
 { "name":  "Togo ",
   "iri":  "https://www.omg.org/spec/LCC/Countries/ISO3166-1-CountryCodes/Togo"},
 { "name":  "Chad ",
   "iri":  "https://www.omg.org/spec/LCC/Countries/ISO3166-1-CountryCodes/Chad"},
 { "name":  "Dominica ",
   "iri":  "https://www.omg.org/spec/LCC/Countries/ISO3166-1-CountryCodes/Dominica"},
 { "name":  "Nepal ",
   "iri":  "https://www.omg.org/spec/LCC/Countries/ISO3166-1-CountryCodes/Nepal"},
 { "name":  "Zambia ",
   "iri":  "https://www.omg.org/spec/LCC/Countries/ISO3166-1-CountryCodes/Zambia"},
 { "name":  "Albania ",
   "iri":  "https://www.omg.org/spec/LCC/Countries/ISO3166-1-CountryCodes/Albania"},
 { "name":  "Moldova (the Republic of) ",
   "iri":  "https://www.omg.org/spec/LCC/Countries/ISO3166-1-CountryCodes/Moldova"},
 { "name":  "Belgium ",
   "iri":  "https://www.omg.org/spec/LCC/Countries/ISO3166-1-CountryCodes/Belgium"},
 { "name":  "Saint Pierre and Miquelon ",
   "iri":  "https://www.omg.org/spec/LCC/Countries/ISO3166-1-CountryCodes/SaintPierreAndMiquelon"},
 { "name":  "Bahamas (the) ",
   "iri":  "https://www.omg.org/spec/LCC/Countries/ISO3166-1-CountryCodes/Bahamas"},
 { "name":  "Netherlands (the) ",
   "iri":  "https://www.omg.org/spec/LCC/Countries/ISO3166-1-CountryCodes/Netherlands"},
 { "name":  "Nauru ",
   "iri":  "https://www.omg.org/spec/LCC/Countries/ISO3166-1-CountryCodes/Nauru"},
 { "name":  "Japan ",
   "iri":  "https://www.omg.org/spec/LCC/Countries/ISO3166-1-CountryCodes/Japan"},
 { "name":  "Ireland ",
   "iri":  "https://www.omg.org/spec/LCC/Countries/ISO3166-1-CountryCodes/Ireland"},
 { "name":  "Lebanon ",
   "iri":  "https://www.omg.org/spec/LCC/Countries/ISO3166-1-CountryCodes/Lebanon"},
 { "name":  "Iran (Islamic Republic of) ",
   "iri":  "https://www.omg.org/spec/LCC/Countries/ISO3166-1-CountryCodes/Iran"},
 { "name":  "Guernsey ",
   "iri":  "https://www.omg.org/spec/LCC/Countries/ISO3166-1-CountryCodes/Guernsey"},
 { "name":  "Tajikistan ",
   "iri":  "https://www.omg.org/spec/LCC/Countries/ISO3166-1-CountryCodes/Tajikistan"},
 { "name":  "Zimbabwe ",
   "iri":  "https://www.omg.org/spec/LCC/Countries/ISO3166-1-CountryCodes/Zimbabwe"},
 { "name":  "Tuvalu ",
   "iri":  "https://www.omg.org/spec/LCC/Countries/ISO3166-1-CountryCodes/Tuvalu"},
 { "name":  "Guinea-Bissau ",
   "iri":  "https://www.omg.org/spec/LCC/Countries/ISO3166-1-CountryCodes/Guinea-Bissau"},
 { "name":  "Svalbard and Jan Mayen ",
   "iri":  "https://www.omg.org/spec/LCC/Countries/ISO3166-1-CountryCodes/SvalbardAndJanMayen"},
 { "name":  "Kenya ",
   "iri":  "https://www.omg.org/spec/LCC/Countries/ISO3166-1-CountryCodes/Kenya"},
 { "name":  "Montserrat ",
   "iri":  "https://www.omg.org/spec/LCC/Countries/ISO3166-1-CountryCodes/Montserrat"},
 { "name":  "Oman ",
   "iri":  "https://www.omg.org/spec/LCC/Countries/ISO3166-1-CountryCodes/Oman"},
 { "name":  "Cambodia ",
   "iri":  "https://www.omg.org/spec/LCC/Countries/ISO3166-1-CountryCodes/Cambodia"},
 { "name":  "Palau ",
   "iri":  "https://www.omg.org/spec/LCC/Countries/ISO3166-1-CountryCodes/Palau"},
 { "name":  "Norway ",
   "iri":  "https://www.omg.org/spec/LCC/Countries/ISO3166-1-CountryCodes/Norway"},
 { "name":  "Russian Federation (the) ",
   "iri":  "https://www.omg.org/spec/LCC/Countries/ISO3166-1-CountryCodes/RussianFederation"},
 { "name":  "Paraguay ",
   "iri":  "https://www.omg.org/spec/LCC/Countries/ISO3166-1-CountryCodes/Paraguay"},
 { "name":  "Saint Helena, Ascension and Tristan da Cunha ",
   "iri":  "https://www.omg.org/spec/LCC/Countries/ISO3166-1-CountryCodes/SaintHelena"},
 { "name":  "Saint Martin (French part) ",
   "iri":  "https://www.omg.org/spec/LCC/Countries/ISO3166-1-CountryCodes/SaintMartin"},
 { "name":  "Guyana ",
   "iri":  "https://www.omg.org/spec/LCC/Countries/ISO3166-1-CountryCodes/Guyana"},
 { "name":  "Angola ",
   "iri":  "https://www.omg.org/spec/LCC/Countries/ISO3166-1-CountryCodes/Angola"},
 { "name":  "Algeria ",
   "iri":  "https://www.omg.org/spec/LCC/Countries/ISO3166-1-CountryCodes/Algeria"},
 { "name":  "Timor-Leste ",
   "iri":  "https://www.omg.org/spec/LCC/Countries/ISO3166-1-CountryCodes/Timor-Leste"},
 { "name":  "India ",
   "iri":  "https://www.omg.org/spec/LCC/Countries/ISO3166-1-CountryCodes/India"},
 { "name":  "Viet Nam ",
   "iri":  "https://www.omg.org/spec/LCC/Countries/ISO3166-1-CountryCodes/VietNam"},
 { "name":  "Bahrain ",
   "iri":  "https://www.omg.org/spec/LCC/Countries/ISO3166-1-CountryCodes/Bahrain"},
 { "name":  "Mayotte ",
   "iri":  "https://www.omg.org/spec/LCC/Countries/ISO3166-1-CountryCodes/Mayotte"},
 { "name":  "Bangladesh ",
   "iri":  "https://www.omg.org/spec/LCC/Countries/ISO3166-1-CountryCodes/Bangladesh"},
 { "name":  "Western Sahara* ",
   "iri":  "https://www.omg.org/spec/LCC/Countries/ISO3166-1-CountryCodes/WesternSahara"},
 { "name":  "Faroe Islands (the) ",
   "iri":  "https://www.omg.org/spec/LCC/Countries/ISO3166-1-CountryCodes/FaroeIslands"},
 { "name":  "Bermuda ",
   "iri":  "https://www.omg.org/spec/LCC/Countries/ISO3166-1-CountryCodes/Bermuda"},
 { "name":  "Brunei Darussalam ",
   "iri":  "https://www.omg.org/spec/LCC/Countries/ISO3166-1-CountryCodes/BruneiDarussalam"},
 { "name":  "Heard Island and McDonald Islands ",
   "iri":  "https://www.omg.org/spec/LCC/Countries/ISO3166-1-CountryCodes/HeardIslandAndMcDonaldIslands"},
 { "name":  "Northern Mariana Islands (the) ",
   "iri":  "https://www.omg.org/spec/LCC/Countries/ISO3166-1-CountryCodes/NorthernMarianaIslands"},
 { "name":  "Grenada ",
   "iri":  "https://www.omg.org/spec/LCC/Countries/ISO3166-1-CountryCodes/Grenada"},
 { "name":  "Cameroon ",
   "iri":  "https://www.omg.org/spec/LCC/Countries/ISO3166-1-CountryCodes/Cameroon"},
 { "name":  "Niger (the) ",
   "iri":  "https://www.omg.org/spec/LCC/Countries/ISO3166-1-CountryCodes/Niger"},
 { "name":  "Korea Democratic Peoples Republic Of ",
   "iri":  "https://www.omg.org/spec/LCC/Countries/ISO3166-1-CountryCodes/KoreaDemocraticPeoplesRepublicOf"},
 { "name":  "Azerbaijan ",
   "iri":  "https://www.omg.org/spec/LCC/Countries/ISO3166-1-CountryCodes/Azerbaijan"},
 { "name":  "United Kingdom of Great Britain and Northern Ireland (the) ",
   "iri":  "https://www.omg.org/spec/LCC/Countries/ISO3166-1-CountryCodes/UnitedKingdomOfGreatBritainAndNorthernIreland"},
 { "name":  "Greenland ",
   "iri":  "https://www.omg.org/spec/LCC/Countries/ISO3166-1-CountryCodes/Greenland"},
 { "name":  "Hungary ",
   "iri":  "https://www.omg.org/spec/LCC/Countries/ISO3166-1-CountryCodes/Hungary"},
 { "name":  "Suriname",
   "iri":  "https://www.omg.org/spec/LCC/Countries/ISO3166-1-CountryCodes/Suriname"},
 { "name":  "Indonesia ",
   "iri":  "https://www.omg.org/spec/LCC/Countries/ISO3166-1-CountryCodes/Indonesia"},
 { "name":  "Austria ",
   "iri":  "https://www.omg.org/spec/LCC/Countries/ISO3166-1-CountryCodes/Austria"},
 { "name":  "Estonia ",
   "iri":  "https://www.omg.org/spec/LCC/Countries/ISO3166-1-CountryCodes/Estonia"},
 { "name":  "Malaysia ",
   "iri":  "https://www.omg.org/spec/LCC/Countries/ISO3166-1-CountryCodes/Malaysia"},
 { "name":  "Solomon Islands ",
   "iri":  "https://www.omg.org/spec/LCC/Countries/ISO3166-1-CountryCodes/SolomonIslands"},
 { "name":  "Réunion ",
   "iri":  "https://www.omg.org/spec/LCC/Countries/ISO3166-1-CountryCodes/Reunion"},
 { "name":  "Cayman Islands (the) ",
   "iri":  "https://www.omg.org/spec/LCC/Countries/ISO3166-1-CountryCodes/CaymanIslands"},
 { "name":  "Andorra ",
   "iri":  "https://www.omg.org/spec/LCC/Countries/ISO3166-1-CountryCodes/Andorra"}]